method,ari,silhouette,recovery_rate,cluster_purity,signal_detectability
tfidf,0.08929849887764756,-0.06264641880989075,0.9,0.030570652173913044,0.02751358695652174
minilm,0.12068571585905193,0.21708537638187408,0.9,0.9574468085106383,0.8617021276595745
openai,0.15402240609427467,0.1325850784778595,1.0,1.0,1.0
